<?xml version="1.0" encoding="UTF-8"?>
<config xmlns="http://www.knime.org/2008/09/XMLConfig" xmlns:xsi="http://www.w3.org/2001/XMLSchema-instance" xsi:schemaLocation="http://www.knime.org/2008/09/XMLConfig http://www.knime.org/XMLConfig_2008_09.xsd" key="model.xml">
<entry key="version" type="xint" value="1"/>
<entry key="class_name" type="xstring" value="org.knime.base.algorithms.outlier.NumericOutliersPortObject"/>
<config key="model">
<entry key="summary" type="xstring" value="Outlier treatment for columns: &quot;Age&quot;, &quot;Number of sexual partners&quot;, &quot;First sexual intercourse&quot;,  ... &lt;1 more&gt;"/>
<config key="group-col-types">
<entry key="array-size" type="xint" value="0"/>
</config>
<config key="outlier-treatment">
<entry key="outlier-treatment" type="xstring" value="Remove outlier rows"/>
<entry key="replacement-strategy" type="xstring" value="Closest permitted value"/>
<entry key="detection-option" type="xstring" value="All outliers"/>
<entry key="update-domain" type="xboolean" value="false"/>
</config>
<config key="permitted intervals">
<config key="groups">
<entry key="array-size" type="xint" value="0"/>
</config>
<config key="outliers">
<entry key="array-size" type="xint" value="4"/>
<entry key="0" type="xstring" value="Age"/>
<entry key="1" type="xstring" value="Number of sexual partners"/>
<entry key="2" type="xstring" value="First sexual intercourse"/>
<entry key="3" type="xstring" value="Num of pregnancies"/>
</config>
<config key="data">
<config key="row0">
<config key="key">
<config key="group-key">
<entry key="array-size" type="xint" value="0"/>
</config>
</config>
<config key="interval-columns">
<config key="interval0">
<entry key="outlier" type="xstring" value="First sexual intercourse"/>
<config key="interval">
<entry key="array-size" type="xint" value="2"/>
<entry key="0" type="xdouble" value="6.0"/>
<entry key="1" type="xdouble" value="27.0"/>
</config>
</config>
<config key="interval1">
<entry key="outlier" type="xstring" value="Num of pregnancies"/>
<config key="interval">
<entry key="array-size" type="xint" value="2"/>
<entry key="0" type="xdouble" value="-5.0"/>
<entry key="1" type="xdouble" value="9.0"/>
</config>
</config>
<config key="interval2">
<entry key="outlier" type="xstring" value="Number of sexual partners"/>
<config key="interval">
<entry key="array-size" type="xint" value="2"/>
<entry key="0" type="xdouble" value="-1.0"/>
<entry key="1" type="xdouble" value="6.0"/>
</config>
</config>
<config key="interval3">
<entry key="outlier" type="xstring" value="Age"/>
<config key="interval">
<entry key="array-size" type="xint" value="2"/>
<entry key="0" type="xdouble" value="-16.0"/>
<entry key="1" type="xdouble" value="68.0"/>
</config>
</config>
</config>
</config>
</config>
</config>
</config>
</config>
