<?xml version="1.0" encoding="UTF-8"?>
<config xmlns="http://www.knime.org/2008/09/XMLConfig" xmlns:xsi="http://www.w3.org/2001/XMLSchema-instance" xsi:schemaLocation="http://www.knime.org/2008/09/XMLConfig http://www.knime.org/XMLConfig_2008_09.xsd" key="model.xml">
<entry key="version" type="xint" value="1"/>
<entry key="class_name" type="xstring" value="org.knime.base.algorithms.outlier.NumericOutliersPortObjectSpec"/>
<config key="model">
<config key="group-col-types">
<entry key="array-size" type="xint" value="0"/>
</config>
<config key="groups">
<entry key="array-size" type="xint" value="0"/>
</config>
<config key="outliers">
<entry key="array-size" type="xint" value="4"/>
<entry key="0" type="xstring" value="Age"/>
<entry key="1" type="xstring" value="Number of sexual partners"/>
<entry key="2" type="xstring" value="First sexual intercourse"/>
<entry key="3" type="xstring" value="Num of pregnancies"/>
</config>
</config>
</config>
