<?xml version="1.0" encoding="UTF-8"?>
<config xmlns="http://www.knime.org/2008/09/XMLConfig" xmlns:xsi="http://www.w3.org/2001/XMLSchema-instance" xsi:schemaLocation="http://www.knime.org/2008/09/XMLConfig http://www.knime.org/XMLConfig_2008_09.xsd" key="MiningSchema">
<config key="learning">
<entry key="array-size" type="xint" value="33"/>
<entry key="0" type="xstring" value="Age"/>
<entry key="1" type="xstring" value="Number of sexual partners"/>
<entry key="2" type="xstring" value="First sexual intercourse"/>
<entry key="3" type="xstring" value="Num of pregnancies"/>
<entry key="4" type="xstring" value="Smokes"/>
<entry key="5" type="xstring" value="Smokes (years)"/>
<entry key="6" type="xstring" value="Smokes (packs/year)"/>
<entry key="7" type="xstring" value="Hormonal Contraceptives"/>
<entry key="8" type="xstring" value="Hormonal Contraceptives (years)"/>
<entry key="9" type="xstring" value="IUD"/>
<entry key="10" type="xstring" value="IUD (years)"/>
<entry key="11" type="xstring" value="STDs"/>
<entry key="12" type="xstring" value="STDs (number)"/>
<entry key="13" type="xstring" value="STDs:condylomatosis"/>
<entry key="14" type="xstring" value="STDs:cervical condylomatosis"/>
<entry key="15" type="xstring" value="STDs:vaginal condylomatosis"/>
<entry key="16" type="xstring" value="STDs:vulvo-perineal condylomatosis"/>
<entry key="17" type="xstring" value="STDs:syphilis"/>
<entry key="18" type="xstring" value="STDs:pelvic inflammatory disease"/>
<entry key="19" type="xstring" value="STDs:genital herpes"/>
<entry key="20" type="xstring" value="STDs:molluscum contagiosum"/>
<entry key="21" type="xstring" value="STDs:AIDS"/>
<entry key="22" type="xstring" value="STDs:HIV"/>
<entry key="23" type="xstring" value="STDs:Hepatitis B"/>
<entry key="24" type="xstring" value="STDs:HPV"/>
<entry key="25" type="xstring" value="STDs: Number of diagnosis"/>
<entry key="26" type="xstring" value="Dx:Cancer"/>
<entry key="27" type="xstring" value="Dx:CIN"/>
<entry key="28" type="xstring" value="Dx:HPV"/>
<entry key="29" type="xstring" value="Dx"/>
<entry key="30" type="xstring" value="Hinselmann"/>
<entry key="31" type="xstring" value="Schiller"/>
<entry key="32" type="xstring" value="Citology"/>
</config>
<config key="target">
<entry key="array-size" type="xint" value="1"/>
<entry key="0" type="xstring" value="Biopsy"/>
</config>
</config>
