<?xml version="1.0" encoding="UTF-8"?>
<config xmlns="http://www.knime.org/2008/09/XMLConfig" xmlns:xsi="http://www.w3.org/2001/XMLSchema-instance" xsi:schemaLocation="http://www.knime.org/2008/09/XMLConfig http://www.knime.org/XMLConfig_2008_09.xsd" key="MiningSchema">
<config key="learning">
<entry key="array-size" type="xint" value="18"/>
<entry key="0" type="xstring" value="PCA dimension 0"/>
<entry key="1" type="xstring" value="PCA dimension 1"/>
<entry key="2" type="xstring" value="PCA dimension 2"/>
<entry key="3" type="xstring" value="PCA dimension 3"/>
<entry key="4" type="xstring" value="PCA dimension 4"/>
<entry key="5" type="xstring" value="PCA dimension 5"/>
<entry key="6" type="xstring" value="PCA dimension 6"/>
<entry key="7" type="xstring" value="PCA dimension 7"/>
<entry key="8" type="xstring" value="PCA dimension 8"/>
<entry key="9" type="xstring" value="PCA dimension 9"/>
<entry key="10" type="xstring" value="PCA dimension 10"/>
<entry key="11" type="xstring" value="PCA dimension 11"/>
<entry key="12" type="xstring" value="PCA dimension 12"/>
<entry key="13" type="xstring" value="PCA dimension 13"/>
<entry key="14" type="xstring" value="PCA dimension 14"/>
<entry key="15" type="xstring" value="PCA dimension 15"/>
<entry key="16" type="xstring" value="PCA dimension 16"/>
<entry key="17" type="xstring" value="PCA dimension 17"/>
</config>
<config key="target">
<entry key="array-size" type="xint" value="1"/>
<entry key="0" type="xstring" value="Biopsy"/>
</config>
</config>
