<?xml version="1.0" encoding="UTF-8"?>
<config xmlns="http://www.knime.org/2008/09/XMLConfig" xmlns:xsi="http://www.w3.org/2001/XMLSchema-instance" xsi:schemaLocation="http://www.knime.org/2008/09/XMLConfig http://www.knime.org/XMLConfig_2008_09.xsd" key="MiningSchema">
<config key="learning">
<entry key="array-size" type="xint" value="18"/>
<entry key="0" type="xstring" value="Age"/>
<entry key="1" type="xstring" value="Number of sexual partners"/>
<entry key="2" type="xstring" value="First sexual intercourse"/>
<entry key="3" type="xstring" value="Num of pregnancies"/>
<entry key="4" type="xstring" value="Smokes (years)"/>
<entry key="5" type="xstring" value="Hormonal Contraceptives"/>
<entry key="6" type="xstring" value="Hormonal Contraceptives (years)"/>
<entry key="7" type="xstring" value="IUD"/>
<entry key="8" type="xstring" value="IUD (years)"/>
<entry key="9" type="xstring" value="STDs"/>
<entry key="10" type="xstring" value="STDs (number)"/>
<entry key="11" type="xstring" value="STDs:cervical condylomatosis"/>
<entry key="12" type="xstring" value="Dx:Cancer"/>
<entry key="13" type="xstring" value="Dx:CIN"/>
<entry key="14" type="xstring" value="Dx"/>
<entry key="15" type="xstring" value="Hinselmann"/>
<entry key="16" type="xstring" value="Schiller"/>
<entry key="17" type="xstring" value="Citology"/>
</config>
<config key="target">
<entry key="array-size" type="xint" value="1"/>
<entry key="0" type="xstring" value="Biopsy"/>
</config>
</config>
